,name,sex,year,times_compete
0,Lasha Talakhadze,M,2023,1
0,Lasha Talakhadze,M,2022,3
0,Lasha Talakhadze,M,2021,19
0,Lasha Talakhadze,M,2020,3
0,Lasha Talakhadze,M,2019,9
0,Lasha Talakhadze,M,2018,9
0,Lasha Talakhadze,M,2017,13
0,Lasha Talakhadze,M,2016,9
0,Lasha Talakhadze,M,2015,1
0,Lasha Talakhadze,M,2014,0
0,Lasha Talakhadze,M,2013,0
1,Ilya Ilyin,M,2023,1
1,Ilya Ilyin,M,2022,0
1,Ilya Ilyin,M,2021,0
1,Ilya Ilyin,M,2020,0
1,Ilya Ilyin,M,2019,0
1,Ilya Ilyin,M,2018,0
1,Ilya Ilyin,M,2017,5
1,Ilya Ilyin,M,2016,3
1,Ilya Ilyin,M,2015,10
1,Ilya Ilyin,M,2014,13
1,Ilya Ilyin,M,2013,20
2,Lu Xiaojun,M,2023,0
2,Lu Xiaojun,M,2022,0
2,Lu Xiaojun,M,2021,0
2,Lu Xiaojun,M,2020,5
2,Lu Xiaojun,M,2019,2
2,Lu Xiaojun,M,2018,4
2,Lu Xiaojun,M,2017,2
2,Lu Xiaojun,M,2016,2
2,Lu Xiaojun,M,2015,1
2,Lu Xiaojun,M,2014,0
2,Lu Xiaojun,M,2013,2
3,Li Dayin,M,2023,3
3,Li Dayin,M,2022,0
3,Li Dayin,M,2021,0
3,Li Dayin,M,2020,0
3,Li Dayin,M,2019,0
3,Li Dayin,M,2018,0
3,Li Dayin,M,2017,0
3,Li Dayin,M,2016,0
3,Li Dayin,M,2015,0
3,Li Dayin,M,2014,0
3,Li Dayin,M,2013,0
4,Tian Tao,M,2023,5
4,Tian Tao,M,2022,1
4,Tian Tao,M,2021,1
4,Tian Tao,M,2020,3
4,Tian Tao,M,2019,11
4,Tian Tao,M,2018,8
4,Tian Tao,M,2017,2
4,Tian Tao,M,2016,0
4,Tian Tao,M,2015,0
4,Tian Tao,M,2014,0
4,Tian Tao,M,2013,0
5,Chen Lijun,M,2023,0
5,Chen Lijun,M,2022,1
5,Chen Lijun,M,2021,4
5,Chen Lijun,M,2020,0
5,Chen Lijun,M,2019,0
5,Chen Lijun,M,2018,1
5,Chen Lijun,M,2017,0
5,Chen Lijun,M,2016,0
5,Chen Lijun,M,2015,0
5,Chen Lijun,M,2014,0
5,Chen Lijun,M,2013,0
6,Li Fabin,M,2023,0
6,Li Fabin,M,2022,1
6,Li Fabin,M,2021,0
6,Li Fabin,M,2020,0
6,Li Fabin,M,2019,2
6,Li Fabin,M,2018,0
6,Li Fabin,M,2017,0
6,Li Fabin,M,2016,0
6,Li Fabin,M,2015,0
6,Li Fabin,M,2014,0
6,Li Fabin,M,2013,0
7,Liao Hui,M,2023,0
7,Liao Hui,M,2022,0
7,Liao Hui,M,2021,0
7,Liao Hui,M,2020,0
7,Liao Hui,M,2019,0
7,Liao Hui,M,2018,2
7,Liao Hui,M,2017,4
7,Liao Hui,M,2016,0
7,Liao Hui,M,2015,3
7,Liao Hui,M,2014,0
7,Liao Hui,M,2013,0
8,Shi Zhiyong,M,2023,0
8,Shi Zhiyong,M,2022,0
8,Shi Zhiyong,M,2021,6
8,Shi Zhiyong,M,2020,3
8,Shi Zhiyong,M,2019,2
8,Shi Zhiyong,M,2018,1
8,Shi Zhiyong,M,2017,2
8,Shi Zhiyong,M,2016,2
8,Shi Zhiyong,M,2015,0
8,Shi Zhiyong,M,2014,0
8,Shi Zhiyong,M,2013,0
9,Liu Huanhua,M,2023,2
9,Liu Huanhua,M,2022,0
9,Liu Huanhua,M,2021,0
9,Liu Huanhua,M,2020,0
9,Liu Huanhua,M,2019,0
9,Liu Huanhua,M,2018,0
9,Liu Huanhua,M,2017,0
9,Liu Huanhua,M,2016,0
9,Liu Huanhua,M,2015,0
9,Liu Huanhua,M,2014,0
9,Liu Huanhua,M,2013,0
10,Meso Hassona,M,2023,0
10,Meso Hassona,M,2022,1
10,Meso Hassona,M,2021,2
10,Meso Hassona,M,2020,2
10,Meso Hassona,M,2019,3
10,Meso Hassona,M,2018,8
10,Meso Hassona,M,2017,7
10,Meso Hassona,M,2016,3
10,Meso Hassona,M,2015,0
10,Meso Hassona,M,2014,0
10,Meso Hassona,M,2013,0
11,Keydomar Vallenilla,M,2023,1
11,Keydomar Vallenilla,M,2022,1
11,Keydomar Vallenilla,M,2021,2
11,Keydomar Vallenilla,M,2020,0
11,Keydomar Vallenilla,M,2019,0
11,Keydomar Vallenilla,M,2018,2
11,Keydomar Vallenilla,M,2017,1
11,Keydomar Vallenilla,M,2016,0
11,Keydomar Vallenilla,M,2015,0
11,Keydomar Vallenilla,M,2014,0
11,Keydomar Vallenilla,M,2013,0
12,Antonio Pizzolato,M,2023,1
12,Antonio Pizzolato,M,2022,3
12,Antonio Pizzolato,M,2021,2
12,Antonio Pizzolato,M,2020,1
12,Antonio Pizzolato,M,2019,1
12,Antonio Pizzolato,M,2018,0
12,Antonio Pizzolato,M,2017,1
12,Antonio Pizzolato,M,2016,0
12,Antonio Pizzolato,M,2015,0
12,Antonio Pizzolato,M,2014,0
12,Antonio Pizzolato,M,2013,0
13,Karlos Nasar,M,2023,6
13,Karlos Nasar,M,2022,4
13,Karlos Nasar,M,2021,4
13,Karlos Nasar,M,2020,0
13,Karlos Nasar,M,2019,0
13,Karlos Nasar,M,2018,0
13,Karlos Nasar,M,2017,0
13,Karlos Nasar,M,2016,0
13,Karlos Nasar,M,2015,0
13,Karlos Nasar,M,2014,0
13,Karlos Nasar,M,2013,0
14,Mirko Zanni,M,2023,1
14,Mirko Zanni,M,2022,0
14,Mirko Zanni,M,2021,1
14,Mirko Zanni,M,2020,0
14,Mirko Zanni,M,2019,1
14,Mirko Zanni,M,2018,0
14,Mirko Zanni,M,2017,0
14,Mirko Zanni,M,2016,0
14,Mirko Zanni,M,2015,0
14,Mirko Zanni,M,2014,0
14,Mirko Zanni,M,2013,0
15,Lesman Paredes,M,2023,0
15,Lesman Paredes,M,2022,1
15,Lesman Paredes,M,2021,3
15,Lesman Paredes,M,2020,0
15,Lesman Paredes,M,2019,0
15,Lesman Paredes,M,2018,0
15,Lesman Paredes,M,2017,0
15,Lesman Paredes,M,2016,1
15,Lesman Paredes,M,2015,1
15,Lesman Paredes,M,2014,0
15,Lesman Paredes,M,2013,0
16,Akbar Djuraev,M,2023,1
16,Akbar Djuraev,M,2022,2
16,Akbar Djuraev,M,2021,4
16,Akbar Djuraev,M,2020,0
16,Akbar Djuraev,M,2019,2
16,Akbar Djuraev,M,2018,0
16,Akbar Djuraev,M,2017,0
16,Akbar Djuraev,M,2016,0
16,Akbar Djuraev,M,2015,0
16,Akbar Djuraev,M,2014,0
16,Akbar Djuraev,M,2013,0
17,Rustam Djangabaev,M,2023,1
17,Rustam Djangabaev,M,2022,0
17,Rustam Djangabaev,M,2021,0
17,Rustam Djangabaev,M,2020,0
17,Rustam Djangabaev,M,2019,0
17,Rustam Djangabaev,M,2018,3
17,Rustam Djangabaev,M,2017,1
17,Rustam Djangabaev,M,2016,0
17,Rustam Djangabaev,M,2015,0
17,Rustam Djangabaev,M,2014,0
17,Rustam Djangabaev,M,2013,0
18,Ruslan Nurudinov,M,2023,1
18,Ruslan Nurudinov,M,2022,0
18,Ruslan Nurudinov,M,2021,2
18,Ruslan Nurudinov,M,2020,0
18,Ruslan Nurudinov,M,2019,0
18,Ruslan Nurudinov,M,2018,2
18,Ruslan Nurudinov,M,2017,1
18,Ruslan Nurudinov,M,2016,4
18,Ruslan Nurudinov,M,2015,0
18,Ruslan Nurudinov,M,2014,1
18,Ruslan Nurudinov,M,2013,2
19,Luis Mosquera,M,2023,0
19,Luis Mosquera,M,2022,0
19,Luis Mosquera,M,2021,2
19,Luis Mosquera,M,2020,1
19,Luis Mosquera,M,2019,0
19,Luis Mosquera,M,2018,0
19,Luis Mosquera,M,2017,3
19,Luis Mosquera,M,2016,6
19,Luis Mosquera,M,2015,10
19,Luis Mosquera,M,2014,3
19,Luis Mosquera,M,2013,0
20,Brayan Rodallegas,M,2023,0
20,Brayan Rodallegas,M,2022,1
20,Brayan Rodallegas,M,2021,1
20,Brayan Rodallegas,M,2020,1
20,Brayan Rodallegas,M,2019,1
20,Brayan Rodallegas,M,2018,1
20,Brayan Rodallegas,M,2017,0
20,Brayan Rodallegas,M,2016,0
20,Brayan Rodallegas,M,2015,0
20,Brayan Rodallegas,M,2014,0
20,Brayan Rodallegas,M,2013,0
21,Rizki Juniansyah,M,2023,2
21,Rizki Juniansyah,M,2022,2
21,Rizki Juniansyah,M,2021,2
21,Rizki Juniansyah,M,2020,1
21,Rizki Juniansyah,M,2019,0
21,Rizki Juniansyah,M,2018,0
21,Rizki Juniansyah,M,2017,0
21,Rizki Juniansyah,M,2016,0
21,Rizki Juniansyah,M,2015,0
21,Rizki Juniansyah,M,2014,0
21,Rizki Juniansyah,M,2013,0
22,Rahmat Abdullah,M,2023,3
22,Rahmat Abdullah,M,2022,2
22,Rahmat Abdullah,M,2021,1
22,Rahmat Abdullah,M,2020,0
22,Rahmat Abdullah,M,2019,0
22,Rahmat Abdullah,M,2018,0
22,Rahmat Abdullah,M,2017,0
22,Rahmat Abdullah,M,2016,0
22,Rahmat Abdullah,M,2015,0
22,Rahmat Abdullah,M,2014,0
22,Rahmat Abdullah,M,2013,0
23,Marin Robu,M,2023,0
23,Marin Robu,M,2022,1
23,Marin Robu,M,2021,1
23,Marin Robu,M,2020,0
23,Marin Robu,M,2019,0
23,Marin Robu,M,2018,0
23,Marin Robu,M,2017,0
23,Marin Robu,M,2016,0
23,Marin Robu,M,2015,0
23,Marin Robu,M,2014,0
23,Marin Robu,M,2013,0
24,Artyom Antropov,M,2023,2
24,Artyom Antropov,M,2022,2
24,Artyom Antropov,M,2021,1
24,Artyom Antropov,M,2020,1
24,Artyom Antropov,M,2019,1
24,Artyom Antropov,M,2018,0
24,Artyom Antropov,M,2017,0
24,Artyom Antropov,M,2016,0
24,Artyom Antropov,M,2015,0
24,Artyom Antropov,M,2014,0
24,Artyom Antropov,M,2013,0
25,Varazdat Lalayan,M,2023,2
25,Varazdat Lalayan,M,2022,1
25,Varazdat Lalayan,M,2021,2
25,Varazdat Lalayan,M,2020,0
25,Varazdat Lalayan,M,2019,1
25,Varazdat Lalayan,M,2018,0
25,Varazdat Lalayan,M,2017,0
25,Varazdat Lalayan,M,2016,0
25,Varazdat Lalayan,M,2015,0
25,Varazdat Lalayan,M,2014,0
25,Varazdat Lalayan,M,2013,0
26,Gor Minasyan,M,2023,2
26,Gor Minasyan,M,2022,2
26,Gor Minasyan,M,2021,1
26,Gor Minasyan,M,2020,1
26,Gor Minasyan,M,2019,2
26,Gor Minasyan,M,2018,0
26,Gor Minasyan,M,2017,1
26,Gor Minasyan,M,2016,1
26,Gor Minasyan,M,2015,0
26,Gor Minasyan,M,2014,0
26,Gor Minasyan,M,2013,0
27,Simon Martirosyan,M,2023,1
27,Simon Martirosyan,M,2022,0
27,Simon Martirosyan,M,2021,2
27,Simon Martirosyan,M,2020,2
27,Simon Martirosyan,M,2019,2
27,Simon Martirosyan,M,2018,3
27,Simon Martirosyan,M,2017,8
27,Simon Martirosyan,M,2016,4
27,Simon Martirosyan,M,2015,0
27,Simon Martirosyan,M,2014,0
27,Simon Martirosyan,M,2013,0
28,Andranik Karapetyan,M,2023,2
28,Andranik Karapetyan,M,2022,0
28,Andranik Karapetyan,M,2021,0
28,Andranik Karapetyan,M,2020,0
28,Andranik Karapetyan,M,2019,0
28,Andranik Karapetyan,M,2018,0
28,Andranik Karapetyan,M,2017,0
28,Andranik Karapetyan,M,2016,1
28,Andranik Karapetyan,M,2015,0
28,Andranik Karapetyan,M,2014,0
28,Andranik Karapetyan,M,2013,0
29,Toshiki Yamamoto,M,2023,0
29,Toshiki Yamamoto,M,2022,0
29,Toshiki Yamamoto,M,2021,0
29,Toshiki Yamamoto,M,2020,4
29,Toshiki Yamamoto,M,2019,3
29,Toshiki Yamamoto,M,2018,1
29,Toshiki Yamamoto,M,2017,2
29,Toshiki Yamamoto,M,2016,0
29,Toshiki Yamamoto,M,2015,1
29,Toshiki Yamamoto,M,2014,0
29,Toshiki Yamamoto,M,2013,0
30,Bak Joo-Hyo,M,2023,1
30,Bak Joo-Hyo,M,2022,0
30,Bak Joo-Hyo,M,2021,0
30,Bak Joo-Hyo,M,2020,0
30,Bak Joo-Hyo,M,2019,0
30,Bak Joo-Hyo,M,2018,0
30,Bak Joo-Hyo,M,2017,0
30,Bak Joo-Hyo,M,2016,0
30,Bak Joo-Hyo,M,2015,0
30,Bak Joo-Hyo,M,2014,0
30,Bak Joo-Hyo,M,2013,0
31,Jang Yeonhak,M,2023,1
31,Jang Yeonhak,M,2022,0
31,Jang Yeonhak,M,2021,0
31,Jang Yeonhak,M,2020,0
31,Jang Yeonhak,M,2019,0
31,Jang Yeonhak,M,2018,0
31,Jang Yeonhak,M,2017,0
31,Jang Yeonhak,M,2016,0
31,Jang Yeonhak,M,2015,0
31,Jang Yeonhak,M,2014,0
31,Jang Yeonhak,M,2013,0
32,Lee Sang,M,2023,0
32,Lee Sang,M,2022,1
32,Lee Sang,M,2021,0
32,Lee Sang,M,2020,0
32,Lee Sang,M,2019,0
32,Lee Sang,M,2018,1
32,Lee Sang,M,2017,0
32,Lee Sang,M,2016,0
32,Lee Sang,M,2015,0
32,Lee Sang,M,2014,0
32,Lee Sang,M,2013,0
33,Adkhamjon Ergashev,M,2023,0
33,Adkhamjon Ergashev,M,2022,1
33,Adkhamjon Ergashev,M,2021,2
33,Adkhamjon Ergashev,M,2020,0
33,Adkhamjon Ergashev,M,2019,1
33,Adkhamjon Ergashev,M,2018,3
33,Adkhamjon Ergashev,M,2017,1
33,Adkhamjon Ergashev,M,2016,1
33,Adkhamjon Ergashev,M,2015,1
33,Adkhamjon Ergashev,M,2014,0
33,Adkhamjon Ergashev,M,2013,0
34,C.J. Cummings,M,2023,0
34,C.J. Cummings,M,2022,0
34,C.J. Cummings,M,2021,3
34,C.J. Cummings,M,2020,0
34,C.J. Cummings,M,2019,6
34,C.J. Cummings,M,2018,7
34,C.J. Cummings,M,2017,9
34,C.J. Cummings,M,2016,15
34,C.J. Cummings,M,2015,8
34,C.J. Cummings,M,2014,6
34,C.J. Cummings,M,2013,0
35,Behdad Salimi,M,2023,0
35,Behdad Salimi,M,2022,0
35,Behdad Salimi,M,2021,2
35,Behdad Salimi,M,2020,0
35,Behdad Salimi,M,2019,0
35,Behdad Salimi,M,2018,2
35,Behdad Salimi,M,2017,4
35,Behdad Salimi,M,2016,1
35,Behdad Salimi,M,2015,0
35,Behdad Salimi,M,2014,2
35,Behdad Salimi,M,2013,0
36,Ian Wilson,M,2023,0
36,Ian Wilson,M,2022,0
36,Ian Wilson,M,2021,1
36,Ian Wilson,M,2020,0
36,Ian Wilson,M,2019,0
36,Ian Wilson,M,2018,0
36,Ian Wilson,M,2017,3
36,Ian Wilson,M,2016,0
36,Ian Wilson,M,2015,2
36,Ian Wilson,M,2014,14
36,Ian Wilson,M,2013,0
37,Oleksiy Torokhtiy,M,2023,0
37,Oleksiy Torokhtiy,M,2022,0
37,Oleksiy Torokhtiy,M,2021,0
37,Oleksiy Torokhtiy,M,2020,0
37,Oleksiy Torokhtiy,M,2019,0
37,Oleksiy Torokhtiy,M,2018,0
37,Oleksiy Torokhtiy,M,2017,1
37,Oleksiy Torokhtiy,M,2016,12
37,Oleksiy Torokhtiy,M,2015,2
37,Oleksiy Torokhtiy,M,2014,0
37,Oleksiy Torokhtiy,M,2013,0
38,Dmitry Klokov,M,2023,0
38,Dmitry Klokov,M,2022,0
38,Dmitry Klokov,M,2021,0
38,Dmitry Klokov,M,2020,0
38,Dmitry Klokov,M,2019,0
38,Dmitry Klokov,M,2018,0
38,Dmitry Klokov,M,2017,0
38,Dmitry Klokov,M,2016,7
38,Dmitry Klokov,M,2015,5
38,Dmitry Klokov,M,2014,10
38,Dmitry Klokov,M,2013,38
39,Apti Aukhadov,M,2023,0
39,Apti Aukhadov,M,2022,0
39,Apti Aukhadov,M,2021,0
39,Apti Aukhadov,M,2020,0
39,Apti Aukhadov,M,2019,0
39,Apti Aukhadov,M,2018,0
39,Apti Aukhadov,M,2017,0
39,Apti Aukhadov,M,2016,1
39,Apti Aukhadov,M,2015,3
39,Apti Aukhadov,M,2014,3
39,Apti Aukhadov,M,2013,11
40,D'Angelo Osorio,M,2023,0
40,D'Angelo Osorio,M,2022,0
40,D'Angelo Osorio,M,2021,0
40,D'Angelo Osorio,M,2020,0
40,D'Angelo Osorio,M,2019,0
40,D'Angelo Osorio,M,2018,1
40,D'Angelo Osorio,M,2017,4
40,D'Angelo Osorio,M,2016,1
40,D'Angelo Osorio,M,2015,0
40,D'Angelo Osorio,M,2014,12
40,D'Angelo Osorio,M,2013,0
41,Caine Wilkes,M,2023,0
41,Caine Wilkes,M,2022,0
41,Caine Wilkes,M,2021,0
41,Caine Wilkes,M,2020,0
41,Caine Wilkes,M,2019,0
41,Caine Wilkes,M,2018,0
41,Caine Wilkes,M,2017,0
41,Caine Wilkes,M,2016,1
41,Caine Wilkes,M,2015,7
41,Caine Wilkes,M,2014,3
41,Caine Wilkes,M,2013,2
42,Fernando Reiss,M,2023,0
42,Fernando Reiss,M,2022,0
42,Fernando Reiss,M,2021,0
42,Fernando Reiss,M,2020,0
42,Fernando Reiss,M,2019,0
42,Fernando Reiss,M,2018,5
42,Fernando Reiss,M,2017,8
42,Fernando Reiss,M,2016,0
42,Fernando Reiss,M,2015,1
42,Fernando Reiss,M,2014,1
42,Fernando Reiss,M,2013,1
43,Harrison Maurus,M,2023,0
43,Harrison Maurus,M,2022,0
43,Harrison Maurus,M,2021,1
43,Harrison Maurus,M,2020,1
43,Harrison Maurus,M,2019,0
43,Harrison Maurus,M,2018,7
43,Harrison Maurus,M,2017,5
43,Harrison Maurus,M,2016,4
43,Harrison Maurus,M,2015,2
43,Harrison Maurus,M,2014,0
43,Harrison Maurus,M,2013,0
44,Hampton Morris,M,2023,2
44,Hampton Morris,M,2022,0
44,Hampton Morris,M,2021,1
44,Hampton Morris,M,2020,0
44,Hampton Morris,M,2019,0
44,Hampton Morris,M,2018,0
44,Hampton Morris,M,2017,0
44,Hampton Morris,M,2016,0
44,Hampton Morris,M,2015,0
44,Hampton Morris,M,2014,0
44,Hampton Morris,M,2013,0
45,Alireza Yousefi,M,2023,2
45,Alireza Yousefi,M,2022,3
45,Alireza Yousefi,M,2021,0
45,Alireza Yousefi,M,2020,0
45,Alireza Yousefi,M,2019,0
45,Alireza Yousefi,M,2018,0
45,Alireza Yousefi,M,2017,0
45,Alireza Yousefi,M,2016,0
45,Alireza Yousefi,M,2015,0
45,Alireza Yousefi,M,2014,0
45,Alireza Yousefi,M,2013,0
46,Boady Santavy,M,2023,0
46,Boady Santavy,M,2022,0
46,Boady Santavy,M,2021,2
46,Boady Santavy,M,2020,1
46,Boady Santavy,M,2019,0
46,Boady Santavy,M,2018,1
46,Boady Santavy,M,2017,0
46,Boady Santavy,M,2016,0
46,Boady Santavy,M,2015,5
46,Boady Santavy,M,2014,0
46,Boady Santavy,M,2013,0
47,Yusuf Genç,M,2023,1
47,Yusuf Genç,M,2022,1
47,Yusuf Genç,M,2021,0
47,Yusuf Genç,M,2020,0
47,Yusuf Genç,M,2019,0
47,Yusuf Genç,M,2018,0
47,Yusuf Genç,M,2017,0
47,Yusuf Genç,M,2016,0
47,Yusuf Genç,M,2015,0
47,Yusuf Genç,M,2014,0
47,Yusuf Genç,M,2013,0
48,Weeraphon Wichuma,M,2023,1
48,Weeraphon Wichuma,M,2022,0
48,Weeraphon Wichuma,M,2021,0
48,Weeraphon Wichuma,M,2020,0
48,Weeraphon Wichuma,M,2019,0
48,Weeraphon Wichuma,M,2018,0
48,Weeraphon Wichuma,M,2017,0
48,Weeraphon Wichuma,M,2016,0
48,Weeraphon Wichuma,M,2015,0
48,Weeraphon Wichuma,M,2014,0
48,Weeraphon Wichuma,M,2013,0
49,Kuo Hsingchun,F,2023,1
49,Kuo Hsingchun,F,2022,0
49,Kuo Hsingchun,F,2021,3
49,Kuo Hsingchun,F,2020,2
49,Kuo Hsingchun,F,2019,4
49,Kuo Hsingchun,F,2018,1
49,Kuo Hsingchun,F,2017,6
49,Kuo Hsingchun,F,2016,1
49,Kuo Hsingchun,F,2015,0
49,Kuo Hsingchun,F,2014,0
49,Kuo Hsingchun,F,2013,0
50,Jiang Huihua,F,2023,0
50,Jiang Huihua,F,2022,0
50,Jiang Huihua,F,2021,0
50,Jiang Huihua,F,2020,0
50,Jiang Huihua,F,2019,0
50,Jiang Huihua,F,2018,0
50,Jiang Huihua,F,2017,0
50,Jiang Huihua,F,2016,0
50,Jiang Huihua,F,2015,0
50,Jiang Huihua,F,2014,0
50,Jiang Huihua,F,2013,0
51,Luo Shifang,F,2023,0
51,Luo Shifang,F,2022,0
51,Luo Shifang,F,2021,0
51,Luo Shifang,F,2020,0
51,Luo Shifang,F,2019,0
51,Luo Shifang,F,2018,0
51,Luo Shifang,F,2017,0
51,Luo Shifang,F,2016,0
51,Luo Shifang,F,2015,0
51,Luo Shifang,F,2014,0
51,Luo Shifang,F,2013,0
52,Pei Xinyi,F,2023,1
52,Pei Xinyi,F,2022,0
52,Pei Xinyi,F,2021,0
52,Pei Xinyi,F,2020,0
52,Pei Xinyi,F,2019,0
52,Pei Xinyi,F,2018,0
52,Pei Xinyi,F,2017,0
52,Pei Xinyi,F,2016,0
52,Pei Xinyi,F,2015,0
52,Pei Xinyi,F,2014,0
52,Pei Xinyi,F,2013,0
53,Liao Guifang,F,2023,3
53,Liao Guifang,F,2022,0
53,Liao Guifang,F,2021,0
53,Liao Guifang,F,2020,0
53,Liao Guifang,F,2019,0
53,Liao Guifang,F,2018,0
53,Liao Guifang,F,2017,0
53,Liao Guifang,F,2016,0
53,Liao Guifang,F,2015,0
53,Liao Guifang,F,2014,0
53,Liao Guifang,F,2013,0
54,Loredana Toma,F,2023,4
54,Loredana Toma,F,2022,5
54,Loredana Toma,F,2021,3
54,Loredana Toma,F,2020,5
54,Loredana Toma,F,2019,5
54,Loredana Toma,F,2018,3
54,Loredana Toma,F,2017,6
54,Loredana Toma,F,2016,0
54,Loredana Toma,F,2015,0
54,Loredana Toma,F,2014,0
54,Loredana Toma,F,2013,0
55,Kate Vibert,F,2023,2
55,Kate Vibert,F,2022,4
55,Kate Vibert,F,2021,3
55,Kate Vibert,F,2020,1
55,Kate Vibert,F,2019,5
55,Kate Vibert,F,2018,5
55,Kate Vibert,F,2017,2
55,Kate Vibert,F,2016,0
55,Kate Vibert,F,2015,0
55,Kate Vibert,F,2014,0
55,Kate Vibert,F,2013,0
56,Gomiita Gomez,F,2023,1
56,Gomiita Gomez,F,2022,0
56,Gomiita Gomez,F,2021,0
56,Gomiita Gomez,F,2020,0
56,Gomiita Gomez,F,2019,0
56,Gomiita Gomez,F,2018,0
56,Gomiita Gomez,F,2017,0
56,Gomiita Gomez,F,2016,0
56,Gomiita Gomez,F,2015,0
56,Gomiita Gomez,F,2014,0
56,Gomiita Gomez,F,2013,0
57,Guilia Imperio,F,2023,1
57,Guilia Imperio,F,2022,0
57,Guilia Imperio,F,2021,2
57,Guilia Imperio,F,2020,0
57,Guilia Imperio,F,2019,0
57,Guilia Imperio,F,2018,0
57,Guilia Imperio,F,2017,0
57,Guilia Imperio,F,2016,0
57,Guilia Imperio,F,2015,0
57,Guilia Imperio,F,2014,0
57,Guilia Imperio,F,2013,0
58,Guilia Miserendino,F,2023,1
58,Guilia Miserendino,F,2022,2
58,Guilia Miserendino,F,2021,2
58,Guilia Miserendino,F,2020,1
58,Guilia Miserendino,F,2019,0
58,Guilia Miserendino,F,2018,0
58,Guilia Miserendino,F,2017,0
58,Guilia Miserendino,F,2016,0
58,Guilia Miserendino,F,2015,0
58,Guilia Miserendino,F,2014,0
58,Guilia Miserendino,F,2013,0
59,Mattie Rogers,F,2023,1
59,Mattie Rogers,F,2022,4
59,Mattie Rogers,F,2021,5
59,Mattie Rogers,F,2020,2
59,Mattie Rogers,F,2019,3
59,Mattie Rogers,F,2018,7
59,Mattie Rogers,F,2017,11
59,Mattie Rogers,F,2016,15
59,Mattie Rogers,F,2015,10
59,Mattie Rogers,F,2014,4
59,Mattie Rogers,F,2013,0
60,Yenny Alvarez,F,2023,0
60,Yenny Alvarez,F,2022,2
60,Yenny Alvarez,F,2021,2
60,Yenny Alvarez,F,2020,0
60,Yenny Alvarez,F,2019,0
60,Yenny Alvarez,F,2018,0
60,Yenny Alvarez,F,2017,0
60,Yenny Alvarez,F,2016,1
60,Yenny Alvarez,F,2015,2
60,Yenny Alvarez,F,2014,0
60,Yenny Alvarez,F,2013,0
61,Sara Ahmed,F,2023,0
61,Sara Ahmed,F,2022,2
61,Sara Ahmed,F,2021,0
61,Sara Ahmed,F,2020,0
61,Sara Ahmed,F,2019,0
61,Sara Ahmed,F,2018,0
61,Sara Ahmed,F,2017,0
61,Sara Ahmed,F,2016,0
61,Sara Ahmed,F,2015,0
61,Sara Ahmed,F,2014,0
61,Sara Ahmed,F,2013,0
62,Mirabai Chanu,F,2023,0
62,Mirabai Chanu,F,2022,0
62,Mirabai Chanu,F,2021,1
62,Mirabai Chanu,F,2020,0
62,Mirabai Chanu,F,2019,0
62,Mirabai Chanu,F,2018,1
62,Mirabai Chanu,F,2017,0
62,Mirabai Chanu,F,2016,0
62,Mirabai Chanu,F,2015,0
62,Mirabai Chanu,F,2014,0
62,Mirabai Chanu,F,2013,0
63,Kim Su-hyon,F,2023,0
63,Kim Su-hyon,F,2022,0
63,Kim Su-hyon,F,2021,2
63,Kim Su-hyon,F,2020,0
63,Kim Su-hyon,F,2019,0
63,Kim Su-hyon,F,2018,0
63,Kim Su-hyon,F,2017,0
63,Kim Su-hyon,F,2016,0
63,Kim Su-hyon,F,2015,0
63,Kim Su-hyon,F,2014,0
63,Kim Su-hyon,F,2013,0
64,Morghan King,F,2023,0
64,Morghan King,F,2022,0
64,Morghan King,F,2021,0
64,Morghan King,F,2020,0
64,Morghan King,F,2019,0
64,Morghan King,F,2018,0
64,Morghan King,F,2017,2
64,Morghan King,F,2016,6
64,Morghan King,F,2015,3
64,Morghan King,F,2014,8
64,Morghan King,F,2013,0
65,Neisi Dajomes,F,2023,1
65,Neisi Dajomes,F,2022,2
65,Neisi Dajomes,F,2021,3
65,Neisi Dajomes,F,2020,0
65,Neisi Dajomes,F,2019,0
65,Neisi Dajomes,F,2018,3
65,Neisi Dajomes,F,2017,4
65,Neisi Dajomes,F,2016,1
65,Neisi Dajomes,F,2015,0
65,Neisi Dajomes,F,2014,0
65,Neisi Dajomes,F,2013,0
66,Angie Dajomes,F,2023,3
66,Angie Dajomes,F,2022,2
66,Angie Dajomes,F,2021,0
66,Angie Dajomes,F,2020,0
66,Angie Dajomes,F,2019,1
66,Angie Dajomes,F,2018,0
66,Angie Dajomes,F,2017,0
66,Angie Dajomes,F,2016,0
66,Angie Dajomes,F,2015,0
66,Angie Dajomes,F,2014,0
66,Angie Dajomes,F,2013,0
67,Lydia Valentín,F,2023,0
67,Lydia Valentín,F,2022,0
67,Lydia Valentín,F,2021,3
67,Lydia Valentín,F,2020,0
67,Lydia Valentín,F,2019,1
67,Lydia Valentín,F,2018,3
67,Lydia Valentín,F,2017,5
67,Lydia Valentín,F,2016,2
67,Lydia Valentín,F,2015,0
67,Lydia Valentín,F,2014,0
67,Lydia Valentín,F,2013,0
68,Rebeka Koha,F,2023,0
68,Rebeka Koha,F,2022,0
68,Rebeka Koha,F,2021,0
68,Rebeka Koha,F,2020,0
68,Rebeka Koha,F,2019,2
68,Rebeka Koha,F,2018,1
68,Rebeka Koha,F,2017,12
68,Rebeka Koha,F,2016,3
68,Rebeka Koha,F,2015,1
68,Rebeka Koha,F,2014,0
68,Rebeka Koha,F,2013,0
69,Maude Charron,F,2023,2
69,Maude Charron,F,2022,0
69,Maude Charron,F,2021,2
69,Maude Charron,F,2020,1
69,Maude Charron,F,2019,2
69,Maude Charron,F,2018,3
69,Maude Charron,F,2017,2
69,Maude Charron,F,2016,0
69,Maude Charron,F,2015,0
69,Maude Charron,F,2014,0
69,Maude Charron,F,2013,0
70,Mihaela Cambei,F,2023,4
70,Mihaela Cambei,F,2022,3
70,Mihaela Cambei,F,2021,2
70,Mihaela Cambei,F,2020,0
70,Mihaela Cambei,F,2019,0
70,Mihaela Cambei,F,2018,0
70,Mihaela Cambei,F,2017,2
70,Mihaela Cambei,F,2016,0
70,Mihaela Cambei,F,2015,0
70,Mihaela Cambei,F,2014,0
70,Mihaela Cambei,F,2013,0
71,Jourdan Delacruz,F,2023,2
71,Jourdan Delacruz,F,2022,1
71,Jourdan Delacruz,F,2021,2
71,Jourdan Delacruz,F,2020,2
71,Jourdan Delacruz,F,2019,2
71,Jourdan Delacruz,F,2018,7
71,Jourdan Delacruz,F,2017,1
71,Jourdan Delacruz,F,2016,7
71,Jourdan Delacruz,F,2015,2
71,Jourdan Delacruz,F,2014,0
71,Jourdan Delacruz,F,2013,0
72,Jessica Lucero,F,2023,0
72,Jessica Lucero,F,2022,0
72,Jessica Lucero,F,2021,0
72,Jessica Lucero,F,2020,0
72,Jessica Lucero,F,2019,3
72,Jessica Lucero,F,2018,2
72,Jessica Lucero,F,2017,2
72,Jessica Lucero,F,2016,7
72,Jessica Lucero,F,2015,4
72,Jessica Lucero,F,2014,0
72,Jessica Lucero,F,2013,0
73,Solfrid Koanda,F,2023,1
73,Solfrid Koanda,F,2022,0
73,Solfrid Koanda,F,2021,2
73,Solfrid Koanda,F,2020,0
73,Solfrid Koanda,F,2019,0
73,Solfrid Koanda,F,2018,0
73,Solfrid Koanda,F,2017,0
73,Solfrid Koanda,F,2016,0
73,Solfrid Koanda,F,2015,0
73,Solfrid Koanda,F,2014,0
73,Solfrid Koanda,F,2013,0
74,Iryna Dekha,F,2023,0
74,Iryna Dekha,F,2022,0
74,Iryna Dekha,F,2021,2
74,Iryna Dekha,F,2020,0
74,Iryna Dekha,F,2019,0
74,Iryna Dekha,F,2018,0
74,Iryna Dekha,F,2017,3
74,Iryna Dekha,F,2016,1
74,Iryna Dekha,F,2015,0
74,Iryna Dekha,F,2014,0
74,Iryna Dekha,F,2013,0
75,Hayley Reichardt,F,2023,0
75,Hayley Reichardt,F,2022,2
75,Hayley Reichardt,F,2021,1
75,Hayley Reichardt,F,2020,0
75,Hayley Reichardt,F,2019,0
75,Hayley Reichardt,F,2018,0
75,Hayley Reichardt,F,2017,0
75,Hayley Reichardt,F,2016,0
75,Hayley Reichardt,F,2015,0
75,Hayley Reichardt,F,2014,0
75,Hayley Reichardt,F,2013,0
76,Olivia Reeves,F,2023,1
76,Olivia Reeves,F,2022,3
76,Olivia Reeves,F,2021,1
76,Olivia Reeves,F,2020,0
76,Olivia Reeves,F,2019,0
76,Olivia Reeves,F,2018,0
76,Olivia Reeves,F,2017,0
76,Olivia Reeves,F,2016,0
76,Olivia Reeves,F,2015,0
76,Olivia Reeves,F,2014,0
76,Olivia Reeves,F,2013,0
77,Nina Stercx,F,2023,0
77,Nina Stercx,F,2022,3
77,Nina Stercx,F,2021,2
77,Nina Stercx,F,2020,0
77,Nina Stercx,F,2019,2
77,Nina Stercx,F,2018,1
77,Nina Stercx,F,2017,0
77,Nina Stercx,F,2016,0
77,Nina Stercx,F,2015,0
77,Nina Stercx,F,2014,0
77,Nina Stercx,F,2013,0
78,Deng Wei,F,2023,0
78,Deng Wei,F,2022,0
78,Deng Wei,F,2021,0
78,Deng Wei,F,2020,2
78,Deng Wei,F,2019,5
78,Deng Wei,F,2018,0
78,Deng Wei,F,2017,0
78,Deng Wei,F,2016,3
78,Deng Wei,F,2015,0
78,Deng Wei,F,2014,0
78,Deng Wei,F,2013,0
79,María Fernanda Valdés,F,2023,0
79,María Fernanda Valdés,F,2022,0
79,María Fernanda Valdés,F,2021,1
79,María Fernanda Valdés,F,2020,0
79,María Fernanda Valdés,F,2019,0
79,María Fernanda Valdés,F,2018,0
79,María Fernanda Valdés,F,2017,0
79,María Fernanda Valdés,F,2016,1
79,María Fernanda Valdés,F,2015,0
79,María Fernanda Valdés,F,2014,0
79,María Fernanda Valdés,F,2013,0
80,Iam-My Siriwimon,F,2023,2
80,Iam-My Siriwimon,F,2022,0
80,Iam-My Siriwimon,F,2021,0
80,Iam-My Siriwimon,F,2020,0
80,Iam-My Siriwimon,F,2019,0
80,Iam-My Siriwimon,F,2018,0
80,Iam-My Siriwimon,F,2017,0
80,Iam-My Siriwimon,F,2016,0
80,Iam-My Siriwimon,F,2015,0
80,Iam-My Siriwimon,F,2014,0
80,Iam-My Siriwimon,F,2013,0
81,Maddy Myers,F,2023,0
81,Maddy Myers,F,2022,0
81,Maddy Myers,F,2021,0
81,Maddy Myers,F,2020,0
81,Maddy Myers,F,2019,0
81,Maddy Myers,F,2018,0
81,Maddy Myers,F,2017,7
81,Maddy Myers,F,2016,5
81,Maddy Myers,F,2015,4
81,Maddy Myers,F,2014,0
81,Maddy Myers,F,2013,0
82,Tatiana Kashirina,F,2023,0
82,Tatiana Kashirina,F,2022,0
82,Tatiana Kashirina,F,2021,0
82,Tatiana Kashirina,F,2020,0
82,Tatiana Kashirina,F,2019,0
82,Tatiana Kashirina,F,2018,0
82,Tatiana Kashirina,F,2017,0
82,Tatiana Kashirina,F,2016,0
82,Tatiana Kashirina,F,2015,2
82,Tatiana Kashirina,F,2014,0
82,Tatiana Kashirina,F,2013,0
